{
  "posterior_mean_log10": [
    -7.294656811823968,
    -9.511129379786354,
    -11.0274679049123
  ],
  "posterior_std_log10": [
    0.1063702528214012,
    0.5316724397328338,
    0.5423674761417404
  ],
  "posterior_ci95_log10": [
    [
      -7.444375892119824,
      -7.096731945477067
    ],
    [
      -10.396664961907362,
      -8.616446897731505
    ],
    [
      -11.89259251301346,
      -10.086116187384919
    ]
  ],
  "tolerances": [
    13.903961723172896,
    12.479758390087953,
    6.957855355429918,
    4.975035381282682
  ],
  "n_generations": 4,
  "n_particles_final": 100,
  "particles_log10": [
    [
      -7.24260553788264,
      -9.0256099785584,
      -10.200940172304763
    ],
    [
      -7.170189667150839,
      -9.616237978247216,
      -11.47041096226687
    ],
    [
      -7.179635190266296,
      -8.974316666044862,
      -11.454505709296543
    ],
    [
      -7.145487424916072,
      -8.788580687054443,
      -11.153277441043736
    ],
    [
      -7.091908003291802,
      -10.084907697472614,
      -11.49977088282316
    ],
    [
      -7.170770352487637,
      -9.554035621110105,
      -10.09486411242244
    ],
    [
      -7.396105973859983,
      -9.33905316773139,
      -10.377279916446302
    ],
    [
      -7.1768130595886195,
      -9.262196819600627,
      -11.597325776376485
    ],
    [
      -7.33925120328189,
      -9.191114447585317,
      -10.888942290895278
    ],
    [
      -7.160689041840655,
      -8.720145993238692,
      -11.384958352536778
    ],
    [
      -7.360959954529783,
      -9.342978109310852,
      -10.40856455272508
    ],
    [
      -7.341404623049422,
      -10.47590859529137,
      -11.136590802582452
    ],
    [
      -7.30740556640535,
      -8.701362604333731,
      -11.706410197195368
    ],
    [
      -7.240249709526061,
      -10.232471393654299,
      -10.15201763587863
    ],
    [
      -7.398037949745947,
      -8.579755729032179,
      -10.774081420875119
    ],
    [
      -7.294370203780793,
      -10.227163051166137,
      -11.379464433600365
    ],
    [
      -7.34713617101901,
      -9.411194020960805,
      -10.140370194615652
    ],
    [
      -7.40878262354969,
      -9.2821698431254,
      -10.53272465897524
    ],
    [
      -7.227728150016358,
      -8.838296656275967,
      -11.327254649366655
    ],
    [
      -7.180586190938625,
      -9.99471369117846,
      -11.836067642234983
    ],
    [
      -7.3008165797361375,
      -9.335773474177158,
      -11.163666810549266
    ],
    [
      -7.152080124714967,
      -8.991497443508448,
      -10.177836004386187
    ],
    [
      -7.3813326135369906,
      -8.609276796873363,
      -10.078201398065255
    ],
    [
      -7.1481994243745195,
      -9.941203627593561,
      -10.766169455964906
    ],
    [
      -7.411715434909933,
      -10.341342178953896,
      -11.086431253978683
    ],
    [
      -7.186723252318898,
      -9.586360826565487,
      -11.811367497320703
    ],
    [
      -7.267576058358422,
      -8.778600084483424,
      -10.483440524077379
    ],
    [
      -7.114412446507516,
      -9.917276756817444,
      -11.775444627911819
    ],
    [
      -7.24266869720053,
      -10.332804961718018,
      -11.10853956680113
    ],
    [
      -7.17712159602553,
      -9.225370786880395,
      -11.889581426729736
    ],
    [
      -7.385052624814316,
      -9.396878618030259,
      -11.211063825076181
    ],
    [
      -7.231958892447827,
      -9.17634538477416,
      -11.617139484908535
    ],
    [
      -7.443741492142956,
      -10.2406728700597,
      -11.443477103965797
    ],
    [
      -7.180908072602201,
      -8.624371746048398,
      -11.049617121351394
    ],
    [
      -7.444949873051276,
      -9.148217645873883,
      -11.044067851431778
    ],
    [
      -7.394068786653691,
      -8.753094310458389,
      -11.549839130401537
    ],
    [
      -7.406556058497716,
      -8.869251779210025,
      -10.97573149732384
    ],
    [
      -7.436499296799236,
      -9.933109692686946,
      -10.041356127771195
    ],
    [
      -7.364598530596134,
      -9.051826848793628,
      -11.058990699140747
    ],
    [
      -7.372331663345932,
      -9.314022416599686,
      -10.926665844052696
    ],
    [
      -7.098491952323252,
      -9.881979707185257,
      -11.806059504050717
    ],
    [
      -7.42407885588907,
      -8.627761583260277,
      -11.760271863945517
    ],
    [
      -7.2701480004549435,
      -10.421680311669135,
      -10.410058936605799
    ],
    [
      -7.371024631054685,
      -10.227483791026865,
      -10.240441078924752
    ],
    [
      -7.204098911042767,
      -9.054711779623059,
      -10.441353666029062
    ],
    [
      -7.263027060133763,
      -10.180005343472565,
      -11.39532677831126
    ],
    [
      -7.297365894310985,
      -8.793741086358102,
      -10.782122377322263
    ],
    [
      -7.2551097684792785,
      -9.861927195433234,
      -11.82512915665561
    ],
    [
      -7.423630108437625,
      -9.768637638401835,
      -10.940831891533454
    ],
    [
      -7.39887177621072,
      -10.055011028711704,
      -10.490583040564289
    ],
    [
      -7.422457324440557,
      -10.354665942991291,
      -10.92586779447749
    ],
    [
      -7.312902942253687,
      -9.51196660004621,
      -10.312121390980847
    ],
    [
      -7.36253585108463,
      -9.825239518157401,
      -11.45210375350908
    ],
    [
      -7.441759700204749,
      -9.944099782877545,
      -10.552513014355835
    ],
    [
      -7.271793854971779,
      -8.702661257582228,
      -10.989312885479109
    ],
    [
      -7.432983682890177,
      -10.373120210154797,
      -10.353238558230483
    ],
    [
      -7.094279011961394,
      -9.631152177675563,
      -10.709585399481465
    ],
    [
      -7.095139558330518,
      -9.672233373895311,
      -11.890661888551586
    ],
    [
      -7.24551557450605,
      -8.945295023668734,
      -10.779746878237498
    ],
    [
      -7.3106603233386895,
      -9.160886672108083,
      -10.947038397178536
    ],
    [
      -7.363391463588647,
      -9.410962221432008,
      -11.484815813514818
    ],
    [
      -7.197627771628962,
      -9.207170579571942,
      -10.866477375888854
    ],
    [
      -7.274536320707085,
      -8.913785580922466,
      -11.945027999688548
    ],
    [
      -7.284030663466123,
      -10.417967356350161,
      -10.73048196015344
    ],
    [
      -7.161060522763875,
      -9.92949227072567,
      -11.175177567622098
    ],
    [
      -7.354568452700142,
      -9.791659662849444,
      -10.8255565327814
    ],
    [
      -7.248481985807647,
      -9.189775078300812,
      -10.311523512771696
    ],
    [
      -7.412825066062833,
      -9.907537067983531,
      -10.898838304216905
    ],
    [
      -7.248207122735099,
      -10.031876985471733,
      -10.956698328217861
    ],
    [
      -7.267654020412999,
      -9.30004120279264,
      -10.82077542645232
    ],
    [
      -7.447175756220418,
      -9.290124077309075,
      -11.346656612566406
    ],
    [
      -7.410690067475639,
      -8.52394174712844,
      -11.039574214381506
    ],
    [
      -7.416161650195983,
      -9.545736206348492,
      -11.299899071566298
    ],
    [
      -7.428606192016999,
      -9.728285389034601,
      -11.940768828346386
    ],
    [
      -7.348493710688463,
      -9.919117477414183,
      -10.930741304972985
    ],
    [
      -7.320089765040599,
      -10.074797254514884,
      -10.610975891135986
    ],
    [
      -7.303089089774699,
      -9.832620885455723,
      -11.246797363979775
    ],
    [
      -7.261500668618112,
      -9.703477803984356,
      -10.190243831334126
    ],
    [
      -7.458040345762503,
      -10.309657447337878,
      -11.824854174677654
    ],
    [
      -7.379662513757582,
      -9.13662886506481,
      -10.620464572585435
    ],
    [
      -7.413279117021653,
      -10.089270409839138,
      -11.852292248134209
    ],
    [
