{
  "meta": {
    "target_per_exposure": 0.02,
    "achieved_per_exposure": 0.018768862364452868,
    "iterations": 5,
    "career_projection_3_exposures": 0.055256388220786046,
    "fac_career_anchor": 0.058
  },
  "hazard": {
    "barotitis_r": 4.431195784562876e-08,
    "baromyringitis_r": 1.3293587353688627e-09,
    "rupture_r": 4.4311957845628755e-11
  },
  "cohort_summary": {
    "n_cohort": 400,
    "per_exposure_achieved": 0.018768862364452868,
    "per_exposure_target": 0.02,
    "career_3_exposures_projected": 0.055256388220786046,
    "uri_subgroup_means": {
      "none": 0.003002591029597963,
      "day_1_3": 0.08232051129667427,
      "day_15_21": 0.009106024110339077,
      "day_4_7": 0.2238989563658243,
      "day_22_28": 0.004118793895394619,
      "day_8_14": 0.03258383506091355
    },
    "severity_subgroup_means": {
      "normal": 0.016875037581613104,
      "mild": 0.029300092475219437,
      "moderate": 0.018620026054649238,
      "severe": 0.25760081786760725
    }
  }
}