{
  "meta": {
    "target_per_exposure": 0.0238,
    "achieved_per_exposure": 0.02471323487442823,
    "iterations": 6,
    "career_projection_3_exposures": 0.07232256614878418,
    "fac_career_anchor": 0.0697
  },
  "hazard": {
    "barotitis_r": 5.845441860310862e-08,
    "baromyringitis_r": 1.7536325580932582e-09,
    "rupture_r": 5.845441860310861e-11
  },
  "cohort_summary": {
    "n_cohort": 400,
    "per_exposure_achieved": 0.02471323487442823,
    "per_exposure_target": 0.0238,
    "career_3_exposures_projected": 0.07232256614878418,
    "uri_subgroup_means": {
      "none": 0.004063233458823687,
      "day_1_3": 0.10793762660527718,
      "day_15_21": 0.012705105735194478,
      "day_4_7": 0.293130366807115,
      "day_22_28": 0.006071002117397389,
      "day_8_14": 0.044255009255511894
    },
    "severity_subgroup_means": {
      "normal": 0.022147655424241602,
      "mild": 0.03873936353042774,
      "moderate": 0.03087973035783954,
      "severe": 0.3347486685622154
    }
  }
}