{
  "meta": {
    "target_per_exposure": 0.0238,
    "achieved_per_exposure": 0.02291468466986389,
    "iterations": 7,
    "career_projection_3_exposures": 0.06718083779521455,
    "fac_career_anchor": 0.0697
  },
  "hazard": {
    "barotitis_r": 5.0894299612350364e-08,
    "baromyringitis_r": 1.5268289883705107e-09,
    "rupture_r": 5.0894299612350355e-11
  },
  "cohort_summary": {
    "n_cohort": 400,
    "per_exposure_achieved": 0.02291468466986389,
    "per_exposure_target": 0.0238,
    "career_3_exposures_projected": 0.06718083779521455,
    "uri_subgroup_means": {
      "none": 0.005278712913867282,
      "day_1_3": 0.09840472786725454,
      "day_15_21": 0.01193638696700824,
      "day_4_7": 0.238816481247983,
      "day_22_28": 0.00586446211193078,
      "day_8_14": 0.04833582437108536
    },
    "severity_subgroup_means": {
      "normal": 0.0197680508034074,
      "mild": 0.035981876127333924,
      "moderate": 0.047281673330319296,
      "severe": 0.3653002854596952
    }
  }
}