{
  "meta": {
    "target_per_exposure": 0.02,
    "achieved_per_exposure": 0.021725977934551177,
    "iterations": 5,
    "career_projection_3_exposures": 0.06377213450721508,
    "fac_career_anchor": 0.058
  },
  "hazard": {
    "barotitis_r": 1.4633065403799789e-08,
    "baromyringitis_r": 4.389919621139936e-10,
    "rupture_r": 1.4633065403799784e-11
  },
  "cohort_summary": {
    "n_cohort": 400,
    "per_exposure_achieved": 0.021725977934551177,
    "per_exposure_target": 0.02,
    "career_3_exposures_projected": 0.06377213450721508,
    "uri_subgroup_means": {
      "none": 0.01407261948690254,
      "day_1_3": 0.05879429809619963,
      "day_15_21": 0.023388852321095,
      "day_4_7": 0.09243684873813367,
      "day_22_28": 0.016343080511405768,
      "day_8_14": 0.04355660648260311
    },
    "severity_subgroup_means": {
      "normal": 0.02109060222597092,
      "mild": 0.025723444470642825,
      "moderate": 0.02382021713701169,
      "severe": 0.08772275623256798
    }
  }
}