{
  "parameters": [
    "APERTURE_HALF_MMHG",
    "APERTURE_FREE_ZONE_MMHG",
    "SF_DESCENT_PER_HR",
    "MASTOID_VOLUME_ML"
  ],
  "first_order": [
    1.1323248698807125,
    0.38418224301837095,
    -0.057697925633563,
    0.6311509432879036
  ],
  "total_order": [
    1.0957885129685156,
    0.1444172399470511,
    0.2167468452293251,
    0.08787309316267933
  ],
  "variance_total": 0.0001561165670596495,
  "n_samples": 32,
  "n_evaluations": 192
}