{
  "parameters": [
    "APERTURE_HALF_MMHG",
    "APERTURE_FREE_ZONE_MMHG",
    "SF_DESCENT_PER_HR",
    "MASTOID_VOLUME_ML"
  ],
  "first_order": [
    0.970162216701599,
    -0.05462150293931121,
    -0.006132748242294961,
    0.01968613045934455
  ],
  "total_order": [
    0.9945044261544663,
    0.01896438232058713,
    0.019564708046990974,
    0.00549382199905775
  ],
  "variance_total": 0.0001716956723005408,
  "n_samples": 128,
  "n_evaluations": 768
}