{
  "method": "multivariable logistic regression (sklearn lbfgs, default L2)",
  "n_eval": 1004,
  "n_denied": 23,
  "denial_rate": 0.022908366533864542,
  "auc": 0.8546514204671365,
  "auc_ci_lo_95": 0.7546453931232044,
  "auc_ci_hi_95": 0.9420029501162166,
  "auc_ci_method": "non-parametric percentile bootstrap, 1000 reps, seed 2026",
  "youden_j": 0.6857687364268936,
  "youden_threshold": 0.028486732679953858,
  "youden_fpr": 0.09683995922528033,
  "youden_tpr_sensitivity": 0.782608695652174,
  "fpr": [
    0.0,
    0.0,
    0.0,
    0.0020387359836901123,
    0.0020387359836901123,
    0.0030581039755351682,
    0.004077471967380225,
    0.0050968399592252805,
    0.007135575942915392,
    0.00815494393476045,
    0.00815494393476045,
    0.010193679918450561,
    0.0254841997961264,
    0.027522935779816515,
    0.029561671763506627,
    0.03160040774719674,
    0.0417940876656473,
    0.0652395514780836,
    0.07951070336391437,
    0.07951070336391437,
    0.08154943934760449,
    0.08154943934760449,
    0.09683995922528033,
    0.11213047910295616,
    0.11314984709480122,
    0.12945973496432212,
    0.13149847094801223,
    0.1437308868501529,
    0.9775739041794088,
    0.9796126401630989,
    0.9847094801223242,
    0.9928644240570846,
    1.0
  ],
  "tpr": [
    0.0,
    0.043478260869565216,
    0.08695652173913043,
    0.08695652173913043,
    0.13043478260869565,
    0.13043478260869565,
    0.17391304347826086,
    0.17391304347826086,
    0.21739130434782608,
    0.21739130434782608,
    0.2608695652173913,
    0.30434782608695654,
    0.4782608695652174,
    0.5217391304347826,
    0.5217391304347826,
    0.5217391304347826,
    0.5652173913043478,
    0.6086956521739131,
    0.6521739130434783,
    0.6956521739130435,
    0.6956521739130435,
    0.7391304347826086,
    0.782608695652174,
    0.782608695652174,
    0.782608695652174,
    0.782608695652174,
    0.782608695652174,
    0.782608695652174,
    1.0,
    1.0,
    1.0,
    1.0,
    1.0
  ],
  "thresholds": [
    Infinity,
    0.6882392691435503,
    0.6738611417083473,
    0.5031696602943997,
    0.3201179694434605,
    0.3127342063702827,
    0.29897999524419816,
    0.2631953732419473,
    0.2173904617323715,
    0.1649696053188179,
    0.14099869363239137,
    0.12086266728528682,
    0.11095875554741691,
    0.09658148538844151,
    0.09107401349653925,
    0.07033909096211534,
    0.05817671498841906,
    0.04583252882247359,
    0.043080969372422326,
    0.04182912612064221,
    0.03606803891131022,
    0.0306560707720233,
    0.028486732679953858,
    0.025318424473977696,
    0.02379045926690986,
    0.021661536484906697,
    0.019460623610128378,
    0.016659905334180977,
    0.013003310117674456,
    0.012686661334179698,
    0.012247915531874804,
    0.011671618270135332,
    0.01083114899005395
  ],
  "flags": [
    "flag_chronic_disease_or_hosp",
    "flag_ear_URI_history",
    "flag_recent_respiratory",
    "flag_cardiac_hypertension",
    "flag_anemia_bleeding",
    "flag_seizures_epilepsy",
    "flag_claustrophobia",
    "flag_recent_msk_injury",
    "flag_GI_symptoms",
    "flag_recent_dental",
    "flag_malaise_fever_fatigue",
    "flag_tobacco_alcohol_24h",
    "flag_diving_altitude_48h",
    "flag_possible_pregnancy"
  ],
  "flag_coefs_log_odds": {
    "flag_recent_respiratory": 2.248477668195129,
    "flag_malaise_fever_fatigue": 1.3277553517539193,
    "flag_chronic_disease_or_hosp": 1.2936176091958749,
    "flag_recent_dental": 1.2288253095624397,
    "flag_anemia_bleeding": 0.8756739655562075,
    "flag_ear_URI_history": 0.800046269854623,
    "flag_recent_msk_injury": 0.6788842785467484,
    "flag_tobacco_alcohol_24h": 0.5191452244190249,
    "flag_cardiac_hypertension": 0.25151265415220714,
    "flag_GI_symptoms": -0.1849761612044427,
    "flag_diving_altitude_48h": -0.10939217053819332,
    "flag_claustrophobia": -0.060613241535183646,
    "flag_seizures_epilepsy": -0.02497356566928419,
    "flag_possible_pregnancy": 0.0
  },
  "intercept_log_odds": -4.3294627362251425,
  "rng_seed": 2026,
  "input_csv": "docs/Cohort FAC/analysis/phase2_preflight_tidy.csv"
}