{
  "method": "penalized (L2 ridge) logistic regression with cross-validated regularisation",
  "modelling_software": "scikit-learn LogisticRegressionCV (lbfgs, L2, 5-fold CV on neg-log-loss)",
  "regularisation_strength_grid_C": [
    0.001,
    0.0031622776601683794,
    0.01,
    0.03162277660168379,
    0.1,
    0.31622776601683794,
    1.0,
    3.1622776601683795,
    10.0,
    31.622776601683793,
    100.0,
    316.2277660168379,
    1000.0
  ],
  "regularisation_strength_selected_C": 3.1622776601683795,
  "internal_validation": "Harrell-Steyerberg bootstrap optimism correction",
  "n_bootstrap": 1000,
  "rng_seed": 2026,
  "n_eval": 1004,
  "n_denied": 23,
  "denial_rate_prevalence": 0.022908366533864542,
  "epv_unpenalised_equivalent": 1.6428571428571428,
  "auc_apparent": 0.8577095244426716,
  "auc_corrected": 0.8131130098564257,
  "auc_ci_lo_95_corrected": 0.7166932588751498,
  "auc_ci_hi_95_corrected": 0.8589504941718742,
  "auc_ci_method": "non-parametric percentile bootstrap of test-on-original AUC over 1000 reps; reflects expected out-of-sample discrimination uncertainty",
  "youden_j_apparent": 0.6596197314186942,
  "youden_threshold": 0.05124399400342195,
  "youden_fpr_apparent": 0.07951070336391437,
  "youden_tpr_sensitivity_apparent": 0.7391304347826086,
  "multivariable_at_youden_apparent": {
    "tp": 17,
    "fp": 78,
    "fn": 6,
    "tn": 903,
    "sensitivity": 0.7391304347826086,
    "sensitivity_lo": 0.5352999499700668,
    "sensitivity_hi": 0.8745138402805501,
    "specificity": 0.9204892966360856,
    "specificity_lo": 0.901873596821527,
    "specificity_hi": 0.9358246870597551,
    "ppv": 0.17894736842105263,
    "ppv_lo": 0.11483574527577754,
    "ppv_hi": 0.26801431895427225,
    "npv": 0.9933993399339934,
    "npv_lo": 0.9856745407250361,
    "npv_hi": 0.9969714502877846,
    "lr_pos": 9.295986622073578,
    "lr_pos_lo": 6.73054274949866,
    "lr_pos_hi": 12.839286591591414,
    "lr_neg": 0.2834031489238769,
    "lr_neg_lo": 0.14241031475606064,
    "lr_neg_hi": 0.5639854455595257,
    "dor": 32.80128205128205
  },
  "multivariable_at_youden_corrected": {
    "sensitivity": 0.6364412717476869,
    "specificity": 0.91915126777414,
    "ppv": 0.15156041142740007,
    "npv": 0.9906692901290576,
    "lr_pos": 6.539680676398973,
    "lr_neg": 0.3923746453439649,
    "dor": 16.666929818225473
  },
  "diagnostic_test_metric_methods": {
    "proportions_ci": "Wilson 95% (z=1.959964)",
    "lr_ci": "Katz log 95% (NaN when any zero cell)",
    "dor": "LR+ / LR-",
    "multivariable_corrected": "Harrell-Steyerberg bootstrap optimism correction (1000 reps, seed 2026); operating-point metrics evaluated at the original Youden threshold across all reps"
  },
  "per_flag_univariable": {
    "flag_chronic_disease_or_hosp": {
      "tp": 6,
      "fp": 42,
      "fn": 17,
      "tn": 939,
      "sensitivity": 0.2608695652173913,
      "sensitivity_lo": 0.12548615971944993,
      "sensitivity_hi": 0.46470005002993314,
      "specificity": 0.9571865443425076,
      "specificity_lo": 0.9426350082467942,
      "specificity_hi": 0.9681714895004907,
      "ppv": 0.125,
      "ppv_lo": 0.0585705140436488,
      "ppv_hi": 0.2470045840177115,
      "npv": 0.9822175732217573,
      "npv_lo": 0.9717070026075126,
      "npv_hi": 0.9888683001873878,
      "lr_pos": 6.093167701863354,
      "lr_pos_lo": 2.881531395599341,
      "lr_pos_hi": 12.884361662597335,
      "lr_neg": 0.7721905820252812,
      "lr_neg_lo": 0.6055144420571975,
      "lr_neg_hi": 0.9847466113982754,
      "dor": 7.89075630252101
    },
    "flag_ear_URI_history": {
      "tp": 5,
      "fp": 28,
      "fn": 18,
      "tn": 953,
      "sensitivity": 0.21739130434782608,
      "sensitivity_lo": 0.09663977965448592,
      "sensitivity_hi": 0.4190348318675122,
      "specificity": 0.9714576962283384,
      "specificity_lo": 0.9590576825003819,
      "specificity_hi": 0.9801797873059043,
      "ppv": 0.15151515151515152,
      "ppv_lo": 0.06650457239529714,
      "ppv_hi": 0.30919876025212834,
      "npv": 0.9814624098867147,
      "npv_lo": 0.9708879134954721,
      "npv_hi": 0.9882424060879637,
      "lr_pos": 7.616459627329192,
      "lr_pos_lo": 3.232488202356635,
      "lr_pos_hi": 17.94606928880457,
      "lr_neg": 0.8056024453670332,
      "lr_neg_lo": 0.6493226902208865,
      "lr_neg_hi": 0.9994957973216191,
      "dor": 9.454365079365079
    },
    "flag_recent_respiratory": {
      "tp": 9,
      "fp": 22,
      "fn": 14,
      "tn": 959,
      "sensitivity": 0.391304347826087,
      "sensitivity_lo": 0.22157622687390552,
      "sensitivity_hi": 0.5921447775576323,
      "specificity": 0.9775739041794088,
      "specificity_lo": 0.9662779907252514,
      "specificity_hi": 0.9851441813920352,
      "ppv": 0.2903225806451613,
      "ppv_lo": 0.16095800079274927,
      "ppv_hi": 0.4659232947267443,
      "npv": 0.9856115107913669,
      "npv_lo": 0.9759936568719422,
      "npv_hi": 0.9914100005058256,
      "lr_pos": 17.448616600790515,
      "lr_pos_lo": 9.053322183061,
      "lr_pos_hi": 33.629005477240604,
      "lr_neg": 0.6226594731831164,
      "lr_neg_lo": 0.44862581230350124,
      "lr_neg_hi": 0.8642053330680597,
      "dor": 28.022727272727277
    },
    "flag_cardiac_hypertension": {
      "tp": 3,
      "fp": 26,
      "fn": 20,
      "tn": 955,
      "sensitivity": 0.13043478260869565,
      "sensitivity_lo": 0.04537659058182972,
      "sensitivity_hi": 0.32127482448539857,
      "specificity": 0.9734964322120285,
      "specificity_lo": 0.9614489983855534,
      "specificity_hi": 0.9818500388577329,
      "ppv": 0.10344827586206896,
      "ppv_lo": 0.035814891071239724,
      "ppv_hi": 0.26385081247949216,
      "npv": 0.9794871794871794,
      "npv_lo": 0.9685284245841654,
      "npv_hi": 0.9866824438526887,
      "lr_pos": 4.921404682274248,
      "lr_pos_lo": 1.6036793596885077,
      "lr_pos_hi": 15.102909381720373,
      "lr_neg": 0.8932392442522195,
      "lr_neg_lo": 0.7622210977990962,
      "lr_neg_hi": 1.0467780933591764,
      "dor": 5.509615384615385
    },
    "flag_anemia_bleeding": {
      "tp": 1,
      "fp": 0,
      "fn": 22,
      "tn": 981,
      "sensitivity": 0.043478260869565216,
      "sensitivity_lo": 0.007716666057951335,
      "sensitivity_hi": 0.2099115525545071,
      "specificity": 1.0,
      "specificity_lo": 0.9960994139242882,
      "specificity_hi": 1.0,
      "ppv": 1.0,
      "ppv_lo": 0.2065493117918027,
      "ppv_hi": 1.0,
      "npv": 0.9780658025922233,
      "npv_lo": 0.9670126119173827,
      "npv_hi": 0.9854710105444369,
      "lr_pos": Infinity,
      "lr_pos_lo": NaN,
      "lr_pos_hi": NaN,
      "lr_neg": 0.9565217391304348,
      "lr_neg_lo": NaN,
      "lr_neg_hi": NaN,
      "dor": Infinity
    },
    "flag_seizures_epilepsy": {
      "tp": 0,
      "fp": 2,
      "fn": 23,
      "tn": 979,
      "sensitivity": 0.0,
      "sensitivity_lo": 0.0,
      "sensitivity_hi": 0.14311662038507353,
      "specificity": 0.9979612640163099,
      "specificity_lo": 0.992597119582123,
      "specificity_hi": 0.9994407269051653,
      "ppv": 0.0,
      "ppv_lo": 0.0,
      "ppv_hi": 0.6576197760453506,
      "npv": 0.9770459081836327,
      "npv_lo": 0.9657914914887765,
      "npv_hi": 0.9846565056173181,
      "lr_pos": 0.0,
      "lr_pos_lo": NaN,
      "lr_pos_hi": NaN,
      "lr_neg": 1.0020429009193055,
      "lr_neg_lo": NaN,
      "lr_neg_hi": NaN,
      "dor": 0.0
    },
    "flag_claustrophobia": {
      "tp": 0,
      "fp": 5,
      "fn": 23,
      "tn": 976,
      "sensitivity": 0.0,
      "sensitivity_lo": 0.0,
      "sensitivity_hi": 0.14311662038507353,
      "specificity": 0.9949031600407747,
      "specificity_lo": 0.9881244669031173,
      "specificity_hi": 0.9978210284286706,
      "ppv": 0.0,
      "ppv_lo": 0.0,
      "ppv_hi": 0.43448246865939283,
      "npv": 0.9769769769769769,
      "npv_lo": 0.9656894768009328,
      "npv_hi": 0.9846102854995848,
      "lr_pos": 0.0,
      "lr_pos_lo": NaN,