{
    "risk_score": {
        "count": 20.0,
        "mean": 0.9627608413997407,
        "std": 0.05139390585551328,
        "min": 0.874147925071251,
        "25%": 0.9396562819020252,
        "50%": 1.0,
        "75%": 1.0,
        "max": 1.0
    },
    "max_pressure_diff": {
        "count": 20.0,
        "mean": 717.9818417662411,
        "std": 0.0,
        "min": 717.9818417662411,
        "25%": 717.9818417662411,
        "50%": 717.9818417662411,
        "75%": 717.9818417662411,
        "max": 717.9818417662411
    },
    "mean_pressure_diff": {
        "count": 20.0,
        "mean": 581.3065430392442,
        "std": 8.280886571413507,
        "min": 568.3755782109113,
        "25%": 577.793615906979,
        "50%": 583.6775444622624,
        "75%": 587.1904715945275,
        "max": 589.4955050215407
    },
    "volume_change": {
        "count": 20.0,
        "mean": 0.00012028320566867187,
        "std": 3.2863375276675736e-07,
        "min": 0.00012002670644519799,
        "25%": 0.00012006130732624548,
        "50%": 0.00012010521569187811,
        "75%": 0.0001203367476110169,
        "max": 0.0001208860512760257
    }
}